section,source_file,old_url,new_url,decision
"core","/Users/tommy/projects/solvapay/solvapay-docs/docs-site/docs/getting-started/choose-your-path.md","/getting-started/choose-your-path","/getting-started/choose-your-path","migrate"
"core","/Users/tommy/projects/solvapay/solvapay-docs/docs-site/docs/getting-started/create-account.md","/getting-started/create-account","/getting-started/create-account","migrate"
"core","/Users/tommy/projects/solvapay/solvapay-docs/docs-site/docs/getting-started/create-product.md","/getting-started/create-product","/getting-started/create-product","migrate"
"core","/Users/tommy/projects/solvapay/solvapay-docs/docs-site/docs/getting-started/go-live.md","/getting-started/go-live","/getting-started/go-live","migrate"
"core","/Users/tommy/projects/solvapay/solvapay-docs/docs-site/docs/getting-started/test-in-sandbox.md","/getting-started/test-in-sandbox","/getting-started/test-in-sandbox","migrate"
"core","/Users/tommy/projects/solvapay/solvapay-docs/docs-site/docs/getting-started.md","/getting-started/index","/getting-started/index","migrate"
"core","/Users/tommy/projects/solvapay/solvapay-docs/docs-site/docs/mcp-pay/authentication.md","/mcp-pay/authentication","/mcp-pay/authentication","migrate"
"core","/Users/tommy/projects/solvapay/solvapay-docs/docs-site/docs/mcp-pay/best-practices.md","/mcp-pay/best-practices","/mcp-pay/best-practices","migrate"
"core","/Users/tommy/projects/solvapay/solvapay-docs/docs-site/docs/mcp-pay/create-hosted-mcp-pay-product.md","/mcp-pay/create-hosted-mcp-pay-product","/mcp-pay/create-hosted-mcp-pay-product","migrate"
"core","/Users/tommy/projects/solvapay/solvapay-docs/docs-site/docs/mcp-pay/hosted-pages.md","/mcp-pay/hosted-pages","/mcp-pay/hosted-pages","migrate"
"core","/Users/tommy/projects/solvapay/solvapay-docs/docs-site/docs/mcp-pay/overview.md","/mcp-pay/overview","/mcp-pay/overview","migrate"
"core","/Users/tommy/projects/solvapay/solvapay-docs/docs-site/docs/mcp-pay/quick-start.md","/mcp-pay/quick-start","/mcp-pay/quick-start","migrate"
"core","/Users/tommy/projects/solvapay/solvapay-docs/docs-site/docs/mcp-server/examples.md","/mcp-server/examples","/mcp-server/examples","migrate"
"core","/Users/tommy/projects/solvapay/solvapay-docs/docs-site/docs/mcp-server/faq.md","/mcp-server/faq","/mcp-server/faq","migrate"
"core","/Users/tommy/projects/solvapay/solvapay-docs/docs-site/docs/mcp-server/getting-started.md","/mcp-server/getting-started","/mcp-server/getting-started","migrate"
"core","/Users/tommy/projects/solvapay/solvapay-docs/docs-site/docs/mcp-server/installation.md","/mcp-server/installation","/mcp-server/installation","migrate"
"core","/Users/tommy/projects/solvapay/solvapay-docs/docs-site/docs/mcp-server/tools.md","/mcp-server/tools","/mcp-server/tools","migrate"
"core","/Users/tommy/projects/solvapay/solvapay-docs/docs-site/docs/wallet/how-it-works.md","/wallet/how-it-works","/wallet/how-it-works","migrate"
"core","/Users/tommy/projects/solvapay/solvapay-docs/docs-site/docs/wallet/overview.md","/wallet/overview","/wallet/overview","migrate"
"core","/Users/tommy/projects/solvapay/solvapay-docs/docs-site/docs/wallet/provider-integration.md","/wallet/provider-integration","/wallet/provider-integration","migrate"
"core","/Users/tommy/projects/solvapay/solvapay-docs/docs-site/docs/wallet/sdk-integration.md","/wallet/sdk-integration","/wallet/sdk-integration","migrate"
"core","/Users/tommy/projects/solvapay/solvapay-docs/docs-site/docs/wallet/security.md","/wallet/security","/wallet/security","migrate"
"core","/Users/tommy/projects/solvapay/solvapay-docs/docs-site/docs/wallet/vouchers.md","/wallet/vouchers","/wallet/vouchers","migrate"
"sdk-typescript","/Users/tommy/projects/solvapay/solvapay-docs/docs-site/sdks/typescript/docs/MCP_AUTH_STRATEGY.md","/sdks/typescript/MCP_AUTH_STRATEGY","/sdks/typescript/MCP_AUTH_STRATEGY","migrate"
"sdk-typescript","/Users/tommy/projects/solvapay/solvapay-docs/docs-site/sdks/typescript/docs/api/README.md","/sdks/typescript/api/README","/sdks/typescript/api/README","migrate"
"sdk-typescript","/Users/tommy/projects/solvapay/solvapay-docs/docs-site/sdks/typescript/docs/api/_media/webhooks.md","/sdks/typescript/api/_media/webhooks","/sdks/typescript/api/_media/webhooks","migrate"
"sdk-typescript","/Users/tommy/projects/solvapay/solvapay-docs/docs-site/sdks/typescript/docs/api/auth/src/README.md","/sdks/typescript/api/auth/src/README","/sdks/typescript/api/auth/src/README","migrate"
"sdk-typescript","/Users/tommy/projects/solvapay/solvapay-docs/docs-site/sdks/typescript/docs/api/auth/src/classes/MockAuthAdapter.md","/sdks/typescript/api/auth/src/classes/MockAuthAdapter","/sdks/typescript/api/auth/src/classes/MockAuthAdapter","migrate"
"sdk-typescript","/Users/tommy/projects/solvapay/solvapay-docs/docs-site/sdks/typescript/docs/api/auth/src/classes/SolvapayAuthAdapter.md","/sdks/typescript/api/auth/src/classes/SolvapayAuthAdapter","/sdks/typescript/api/auth/src/classes/SolvapayAuthAdapter","migrate"
"sdk-typescript","/Users/tommy/projects/solvapay/solvapay-docs/docs-site/sdks/typescript/docs/api/auth/src/classes/SolvapayOAuthClient.md","/sdks/typescript/api/auth/src/classes/SolvapayOAuthClient","/sdks/typescript/api/auth/src/classes/SolvapayOAuthClient","migrate"
"sdk-typescript","/Users/tommy/projects/solvapay/solvapay-docs/docs-site/sdks/typescript/docs/api/auth/src/functions/getUserEmailFromRequest.md","/sdks/typescript/api/auth/src/functions/getUserEmailFromRequest","/sdks/typescript/api/auth/src/functions/getUserEmailFromRequest","migrate"
"sdk-typescript","/Users/tommy/projects/solvapay/solvapay-docs/docs-site/sdks/typescript/docs/api/auth/src/functions/getUserIdFromRequest.md","/sdks/typescript/api/auth/src/functions/getUserIdFromRequest","/sdks/typescript/api/auth/src/functions/getUserIdFromRequest","migrate"
"sdk-typescript","/Users/tommy/projects/solvapay/solvapay-docs/docs-site/sdks/typescript/docs/api/auth/src/functions/getUserNameFromRequest.md","/sdks/typescript/api/auth/src/functions/getUserNameFromRequest","/sdks/typescript/api/auth/src/functions/getUserNameFromRequest","migrate"
"sdk-typescript","/Users/tommy/projects/solvapay/solvapay-docs/docs-site/sdks/typescript/docs/api/auth/src/functions/requireUserId.md","/sdks/typescript/api/auth/src/functions/requireUserId","/sdks/typescript/api/auth/src/functions/requireUserId","migrate"
"sdk-typescript","/Users/tommy/projects/solvapay/solvapay-docs/docs-site/sdks/typescript/docs/api/auth/src/interfaces/AuthAdapter.md","/sdks/typescript/api/auth/src/interfaces/AuthAdapter","/sdks/typescript/api/auth/src/interfaces/AuthAdapter","migrate"
"sdk-typescript","/Users/tommy/projects/solvapay/solvapay-docs/docs-site/sdks/typescript/docs/api/auth/src/interfaces/RequestLike.md","/sdks/typescript/api/auth/src/interfaces/RequestLike","/sdks/typescript/api/auth/src/interfaces/RequestLike","migrate"
"sdk-typescript","/Users/tommy/projects/solvapay/solvapay-docs/docs-site/sdks/typescript/docs/api/auth/src/interfaces/SolvapayAuthAdapterConfig.md","/sdks/typescript/api/auth/src/interfaces/SolvapayAuthAdapterConfig","/sdks/typescript/api/auth/src/interfaces/SolvapayAuthAdapterConfig","migrate"
"sdk-typescript","/Users/tommy/projects/solvapay/solvapay-docs/docs-site/sdks/typescript/docs/api/auth/src/interfaces/SolvapayOAuthConfig.md","/sdks/typescript/api/auth/src/interfaces/SolvapayOAuthConfig","/sdks/typescript/api/auth/src/interfaces/SolvapayOAuthConfig","migrate"
"sdk-typescript","/Users/tommy/projects/solvapay/solvapay-docs/docs-site/sdks/typescript/docs/api/auth/src/interfaces/TokenResponse.md","/sdks/typescript/api/auth/src/interfaces/TokenResponse","/sdks/typescript/api/auth/src/interfaces/TokenResponse","migrate"
"sdk-typescript","/Users/tommy/projects/solvapay/solvapay-docs/docs-site/sdks/typescript/docs/api/core/src/README.md","/sdks/typescript/api/core/src/README","/sdks/typescript/api/core/src/README","migrate"
"sdk-typescript","/Users/tommy/projects/solvapay/solvapay-docs/docs-site/sdks/typescript/docs/api/core/src/classes/SolvaPayError.md","/sdks/typescript/api/core/src/classes/SolvaPayError","/sdks/typescript/api/core/src/classes/SolvaPayError","migrate"
"sdk-typescript","/Users/tommy/projects/solvapay/solvapay-docs/docs-site/sdks/typescript/docs/api/core/src/functions/getSolvaPayConfig.md","/sdks/typescript/api/core/src/functions/getSolvaPayConfig","/sdks/typescript/api/core/src/functions/getSolvaPayConfig","migrate"
"sdk-typescript","/Users/tommy/projects/solvapay/solvapay-docs/docs-site/sdks/typescript/docs/api/core/src/interfaces/SolvaPayConfig.md","/sdks/typescript/api/core/src/interfaces/SolvaPayConfig","/sdks/typescript/api/core/src/interfaces/SolvaPayConfig","migrate"
"sdk-typescript","/Users/tommy/projects/solvapay/solvapay-docs/docs-site/sdks/typescript/docs/api/core/src/type-aliases/Env.md","/sdks/typescript/api/core/src/type-aliases/Env","/sdks/typescript/api/core/src/type-aliases/Env","migrate"
"sdk-typescript","/Users/tommy/projects/solvapay/solvapay-docs/docs-site/sdks/typescript/docs/api/core/src/variables/Env.md","/sdks/typescript/api/core/src/variables/Env","/sdks/typescript/api/core/src/variables/Env","migrate"
"sdk-typescript","/Users/tommy/projects/solvapay/solvapay-docs/docs-site/sdks/typescript/docs/api/core/src/variables/version.md","/sdks/typescript/api/core/src/variables/version","/sdks/typescript/api/core/src/variables/version","migrate"
"sdk-typescript","/Users/tommy/projects/solvapay/solvapay-docs/docs-site/sdks/typescript/docs/api/next/src/README.md","/sdks/typescript/api/next/src/README","/sdks/typescript/api/next/src/README","migrate"
"sdk-typescript","/Users/tommy/projects/solvapay/solvapay-docs/docs-site/sdks/typescript/docs/api/next/src/functions/cancelRenewal.md","/sdks/typescript/api/next/src/functions/cancelRenewal","/sdks/typescript/api/next/src/functions/cancelRenewal","migrate"
"sdk-typescript","/Users/tommy/projects/solvapay/solvapay-docs/docs-site/sdks/typescript/docs/api/next/src/functions/checkSubscription.md","/sdks/typescript/api/next/src/functions/checkSubscription","/sdks/typescript/api/next/src/functions/checkSubscription","migrate"
"sdk-typescript","/Users/tommy/projects/solvapay/solvapay-docs/docs-site/sdks/typescript/docs/api/next/src/functions/clearAllSubscriptionCache.md","/sdks/typescript/api/next/src/functions/clearAllSubscriptionCache","/sdks/typescript/api/next/src/functions/clearAllSubscriptionCache","migrate"
"sdk-typescript","/Users/tommy/projects/solvapay/solvapay-docs/docs-site/sdks/typescript/docs/api/next/src/functions/clearSubscriptionCache.md","/sdks/typescript/api/next/src/functions/clearSubscriptionCache","/sdks/typescript/api/next/src/functions/clearSubscriptionCache","migrate"
"sdk-typescript","/Users/tommy/projects/solvapay/solvapay-docs/docs-site/sdks/typescript/docs/api/next/src/functions/createAuthMiddleware.md","/sdks/typescript/api/next/src/functions/createAuthMiddleware","/sdks/typescript/api/next/src/functions/createAuthMiddleware","migrate"
"sdk-typescript","/Users/tommy/projects/solvapay/solvapay-docs/docs-site/sdks/typescript/docs/api/next/src/functions/createCheckoutSession.md","/sdks/typescript/api/next/src/functions/createCheckoutSession","/sdks/typescript/api/next/src/functions/createCheckoutSession","migrate"
"sdk-typescript","/Users/tommy/projects/solvapay/solvapay-docs/docs-site/sdks/typescript/docs/api/next/src/functions/createCustomerSession.md","/sdks/typescript/api/next/src/functions/createCustomerSession","/sdks/typescript/api/next/src/functions/createCustomerSession","migrate"
"sdk-typescript","/Users/tommy/projects/solvapay/solvapay-docs/docs-site/sdks/typescript/docs/api/next/src/functions/createPaymentIntent.md","/sdks/typescript/api/next/src/functions/createPaymentIntent","/sdks/typescript/api/next/src/functions/createPaymentIntent","migrate"
"sdk-typescript","/Users/tommy/projects/solvapay/solvapay-docs/docs-site/sdks/typescript/docs/api/next/src/functions/createSupabaseAuthMiddleware.md","/sdks/typescript/api/next/src/functions/createSupabaseAuthMiddleware","/sdks/typescript/api/next/src/functions/createSupabaseAuthMiddleware","migrate"
"sdk-typescript","/Users/tommy/projects/solvapay/solvapay-docs/docs-site/sdks/typescript/docs/api/next/src/functions/getAuthenticatedUser.md","/sdks/typescript/api/next/src/functions/getAuthenticatedUser","/sdks/typescript/api/next/src/functions/getAuthenticatedUser","migrate"
"sdk-typescript","/Users/tommy/projects/solvapay/solvapay-docs/docs-site/sdks/typescript/docs/api/next/src/functions/getSubscriptionCacheStats.md","/sdks/typescript/api/next/src/functions/getSubscriptionCacheStats","/sdks/typescript/api/next/src/functions/getSubscriptionCacheStats","migrate"
"sdk-typescript","/Users/tommy/projects/solvapay/solvapay-docs/docs-site/sdks/typescript/docs/api/next/src/functions/listPlans.md","/sdks/typescript/api/next/src/functions/listPlans","/sdks/typescript/api/next/src/functions/listPlans","migrate"
"sdk-typescript","/Users/tommy/projects/solvapay/solvapay-docs/docs-site/sdks/typescript/docs/api/next/src/functions/processPayment.md","/sdks/typescript/api/next/src/functions/processPayment","/sdks/typescript/api/next/src/functions/processPayment","migrate"
"sdk-typescript","/Users/tommy/projects/solvapay/solvapay-docs/docs-site/sdks/typescript/docs/api/next/src/functions/syncCustomer.md","/sdks/typescript/api/next/src/functions/syncCustomer","/sdks/typescript/api/next/src/functions/syncCustomer","migrate"
"sdk-typescript","/Users/tommy/projects/solvapay/solvapay-docs/docs-site/sdks/typescript/docs/api/next/src/interfaces/AuthMiddlewareOptions.md","/sdks/typescript/api/next/src/interfaces/AuthMiddlewareOptions","/sdks/typescript/api/next/src/interfaces/AuthMiddlewareOptions","migrate"
"sdk-typescript","/Users/tommy/projects/solvapay/solvapay-docs/docs-site/sdks/typescript/docs/api/next/src/interfaces/CheckSubscriptionOptions.md","/sdks/typescript/api/next/src/interfaces/CheckSubscriptionOptions","/sdks/typescript/api/next/src/interfaces/CheckSubscriptionOptions","migrate"
"sdk-typescript","/Users/tommy/projects/solvapay/solvapay-docs/docs-site/sdks/typescript/docs/api/next/src/interfaces/RequestDeduplicationOptions.md","/sdks/typescript/api/next/src/interfaces/RequestDeduplicationOptions","/sdks/typescript/api/next/src/interfaces/RequestDeduplicationOptions","migrate"
"sdk-typescript","/Users/tommy/projects/solvapay/solvapay-docs/docs-site/sdks/typescript/docs/api/next/src/interfaces/SubscriptionCheckResult.md","/sdks/typescript/api/next/src/interfaces/SubscriptionCheckResult","/sdks/typescript/api/next/src/interfaces/SubscriptionCheckResult","migrate"
"sdk-typescript","/Users/tommy/projects/solvapay/solvapay-docs/docs-site/sdks/typescript/docs/api/next/src/interfaces/SupabaseAuthMiddlewareOptions.md","/sdks/typescript/api/next/src/interfaces/SupabaseAuthMiddlewareOptions","/sdks/typescript/api/next/src/interfaces/SupabaseAuthMiddlewareOptions","migrate"
"sdk-typescript","/Users/tommy/projects/solvapay/solvapay-docs/docs-site/sdks/typescript/docs/api/react/src/README.md","/sdks/typescript/api/react/src/README","/sdks/typescript/api/react/src/README","migrate"
"sdk-typescript","/Users/tommy/projects/solvapay/solvapay-docs/docs-site/sdks/typescript/docs/api/react/src/functions/filterSubscriptions.md","/sdks/typescript/api/react/src/functions/filterSubscriptions","/sdks/typescript/api/react/src/functions/filterSubscriptions","migrate"
"sdk-typescript","/Users/tommy/projects/solvapay/solvapay-docs/docs-site/sdks/typescript/docs/api/react/src/functions/getActiveSubscriptions.md","/sdks/typescript/api/react/src/functions/getActiveSubscriptions","/sdks/typescript/api/react/src/functions/getActiveSubscriptions","migrate"
"sdk-typescript","/Users/tommy/projects/solvapay/solvapay-docs/docs-site/sdks/typescript/docs/api/react/src/functions/getCancelledSubscriptionsWithEndDate.md","/sdks/typescript/api/react/src/functions/getCancelledSubscriptionsWithEndDate","/sdks/typescript/api/react/src/functions/getCancelledSubscriptionsWithEndDate","migrate"
"sdk-typescript","/Users/tommy/projects/solvapay/solvapay-docs/docs-site/sdks/typescript/docs/api/react/src/functions/getMostRecentSubscription.md","/sdks/typescript/api/react/src/functions/getMostRecentSubscription","/sdks/typescript/api/react/src/functions/getMostRecentSubscription","migrate"
"sdk-typescript","/Users/tommy/projects/solvapay/solvapay-docs/docs-site/sdks/typescript/docs/api/react/src/functions/getPrimarySubscription.md","/sdks/typescript/api/react/src/functions/getPrimarySubscription","/sdks/typescript/api/react/src/functions/getPrimarySubscription","migrate"
"sdk-typescript","/Users/tommy/projects/solvapay/solvapay-docs/docs-site/sdks/typescript/docs/api/react/src/functions/isPaidSubscription.md","/sdks/typescript/api/react/src/functions/isPaidSubscription","/sdks/typescript/api/react/src/functions/isPaidSubscription","migrate"
"sdk-typescript","/Users/tommy/projects/solvapay/solvapay-docs/docs-site/sdks/typescript/docs/api/react/src/functions/useCheckout.md","/sdks/typescript/api/react/src/functions/useCheckout","/sdks/typescript/api/react/src/functions/useCheckout","migrate"
"sdk-typescript","/Users/tommy/projects/solvapay/solvapay-docs/docs-site/sdks/typescript/docs/api/react/src/functions/useCustomer.md","/sdks/typescript/api/react/src/functions/useCustomer","/sdks/typescript/api/react/src/functions/useCustomer","migrate"
"sdk-typescript","/Users/tommy/projects/solvapay/solvapay-docs/docs-site/sdks/typescript/docs/api/react/src/functions/usePlans.md","/sdks/typescript/api/react/src/functions/usePlans","/sdks/typescript/api/react/src/functions/usePlans","migrate"
"sdk-typescript","/Users/tommy/projects/solvapay/solvapay-docs/docs-site/sdks/typescript/docs/api/react/src/functions/useSolvaPay.md","/sdks/typescript/api/react/src/functions/useSolvaPay","/sdks/typescript/api/react/src/functions/useSolvaPay","migrate"
"sdk-typescript","/Users/tommy/projects/solvapay/solvapay-docs/docs-site/sdks/typescript/docs/api/react/src/functions/useSubscription.md","/sdks/typescript/api/react/src/functions/useSubscription","/sdks/typescript/api/react/src/functions/useSubscription","migrate"
"sdk-typescript","/Users/tommy/projects/solvapay/solvapay-docs/docs-site/sdks/typescript/docs/api/react/src/functions/useSubscriptionStatus.md","/sdks/typescript/api/react/src/functions/useSubscriptionStatus","/sdks/typescript/api/react/src/functions/useSubscriptionStatus","migrate"
"sdk-typescript","/Users/tommy/projects/solvapay/solvapay-docs/docs-site/sdks/typescript/docs/api/react/src/interfaces/AuthAdapter.md","/sdks/typescript/api/react/src/interfaces/AuthAdapter","/sdks/typescript/api/react/src/interfaces/AuthAdapter","migrate"
"sdk-typescript","/Users/tommy/projects/solvapay/solvapay-docs/docs-site/sdks/typescript/docs/api/react/src/interfaces/CustomerInfo.md","/sdks/typescript/api/react/src/interfaces/CustomerInfo","/sdks/typescript/api/react/src/interfaces/CustomerInfo","migrate"
"sdk-typescript","/Users/tommy/projects/solvapay/solvapay-docs/docs-site/sdks/typescript/docs/api/react/src/interfaces/CustomerSubscriptionData.md","/sdks/typescript/api/react/src/interfaces/CustomerSubscriptionData","/sdks/typescript/api/react/src/interfaces/CustomerSubscriptionData","migrate"
"sdk-typescript","/Users/tommy/projects/solvapay/solvapay-docs/docs-site/sdks/typescript/docs/api/react/src/interfaces/PaymentError.md","/sdks/typescript/api/react/src/interfaces/PaymentError","/sdks/typescript/api/react/src/interfaces/PaymentError","migrate"
"sdk-typescript","/Users/tommy/projects/solvapay/solvapay-docs/docs-site/sdks/typescript/docs/api/react/src/interfaces/PaymentFormProps.md","/sdks/typescript/api/react/src/interfaces/PaymentFormProps","/sdks/typescript/api/react/src/interfaces/PaymentFormProps","migrate"
"sdk-typescript","/Users/tommy/projects/solvapay/solvapay-docs/docs-site/sdks/typescript/docs/api/react/src/interfaces/PaymentIntentResult.md","/sdks/typescript/api/react/src/interfaces/PaymentIntentResult","/sdks/typescript/api/react/src/interfaces/PaymentIntentResult","migrate"
"sdk-typescript","/Users/tommy/projects/solvapay/solvapay-docs/docs-site/sdks/typescript/docs/api/react/src/interfaces/Plan.md","/sdks/typescript/api/react/src/interfaces/Plan","/sdks/typescript/api/react/src/interfaces/Plan","migrate"
"sdk-typescript","/Users/tommy/projects/solvapay/solvapay-docs/docs-site/sdks/typescript/docs/api/react/src/interfaces/PlanBadgeProps.md","/sdks/typescript/api/react/src/interfaces/PlanBadgeProps","/sdks/typescript/api/react/src/interfaces/PlanBadgeProps","migrate"
"sdk-typescript","/Users/tommy/projects/solvapay/solvapay-docs/docs-site/sdks/typescript/docs/api/react/src/interfaces/PlanSelectorProps.md","/sdks/typescript/api/react/src/interfaces/PlanSelectorProps","/sdks/typescript/api/react/src/interfaces/PlanSelectorProps","migrate"
"sdk-typescript","/Users/tommy/projects/solvapay/solvapay-docs/docs-site/sdks/typescript/docs/api/react/src/interfaces/SolvaPayConfig.md","/sdks/typescript/api/react/src/interfaces/SolvaPayConfig","/sdks/typescript/api/react/src/interfaces/SolvaPayConfig","migrate"
"sdk-typescript","/Users/tommy/projects/solvapay/solvapay-docs/docs-site/sdks/typescript/docs/api/react/src/interfaces/SolvaPayContextValue.md","/sdks/typescript/api/react/src/interfaces/SolvaPayContextValue","/sdks/typescript/api/react/src/interfaces/SolvaPayContextValue","migrate"
"sdk-typescript","/Users/tommy/projects/solvapay/solvapay-docs/docs-site/sdks/typescript/docs/api/react/src/interfaces/SolvaPayProviderProps.md","/sdks/typescript/api/react/src/interfaces/SolvaPayProviderProps","/sdks/typescript/api/react/src/interfaces/SolvaPayProviderProps","migrate"
"sdk-typescript","/Users/tommy/projects/solvapay/solvapay-docs/docs-site/sdks/typescript/docs/api/react/src/interfaces/SubscriptionGateProps.md","/sdks/typescript/api/react/src/interfaces/SubscriptionGateProps","/sdks/typescript/api/react/src/interfaces/SubscriptionGateProps","migrate"
"sdk-typescript","/Users/tommy/projects/solvapay/solvapay-docs/docs-site/sdks/typescript/docs/api/react/src/interfaces/SubscriptionInfo.md","/sdks/typescript/api/react/src/interfaces/SubscriptionInfo","/sdks/typescript/api/react/src/interfaces/SubscriptionInfo","migrate"
"sdk-typescript","/Users/tommy/projects/solvapay/solvapay-docs/docs-site/sdks/typescript/docs/api/react/src/interfaces/SubscriptionStatus.md","/sdks/typescript/api/react/src/interfaces/SubscriptionStatus","/sdks/typescript/api/react/src/interfaces/SubscriptionStatus","migrate"
"sdk-typescript","/Users/tommy/projects/solvapay/solvapay-docs/docs-site/sdks/typescript/docs/api/react/src/interfaces/SubscriptionStatusReturn.md","/sdks/typescript/api/react/src/interfaces/SubscriptionStatusReturn","/sdks/typescript/api/react/src/interfaces/SubscriptionStatusReturn","migrate"
"sdk-typescript","/Users/tommy/projects/solvapay/solvapay-docs/docs-site/sdks/typescript/docs/api/react/src/interfaces/UsePlansOptions.md","/sdks/typescript/api/react/src/interfaces/UsePlansOptions","/sdks/typescript/api/react/src/interfaces/UsePlansOptions","migrate"
"sdk-typescript","/Users/tommy/projects/solvapay/solvapay-docs/docs-site/sdks/typescript/docs/api/react/src/interfaces/UsePlansReturn.md","/sdks/typescript/api/react/src/interfaces/UsePlansReturn","/sdks/typescript/api/react/src/interfaces/UsePlansReturn","migrate"
"sdk-typescript","/Users/tommy/projects/solvapay/solvapay-docs/docs-site/sdks/typescript/docs/api/react/src/variables/PaymentForm.md","/sdks/typescript/api/react/src/variables/PaymentForm","/sdks/typescript/api/react/src/variables/PaymentForm","migrate"
"sdk-typescript","/Users/tommy/projects/solvapay/solvapay-docs/docs-site/sdks/typescript/docs/api/react/src/variables/PlanBadge.md","/sdks/typescript/api/react/src/variables/PlanBadge","/sdks/typescript/api/react/src/variables/PlanBadge","migrate"
"sdk-typescript","/Users/tommy/projects/solvapay/solvapay-docs/docs-site/sdks/typescript/docs/api/react/src/variables/PlanSelector.md","/sdks/typescript/api/react/src/variables/PlanSelector","/sdks/typescript/api/react/src/variables/PlanSelector","migrate"
"sdk-typescript","/Users/tommy/projects/solvapay/solvapay-docs/docs-site/sdks/typescript/docs/api/react/src/variables/SolvaPayProvider.md","/sdks/typescript/api/react/src/variables/SolvaPayProvider","/sdks/typescript/api/react/src/variables/SolvaPayProvider","migrate"
"sdk-typescript","/Users/tommy/projects/solvapay/solvapay-docs/docs-site/sdks/typescript/docs/api/react/src/variables/Spinner.md","/sdks/typescript/api/react/src/variables/Spinner","/sdks/typescript/api/react/src/variables/Spinner","migrate"
"sdk-typescript","/Users/tommy/projects/solvapay/solvapay-docs/docs-site/sdks/typescript/docs/api/react/src/variables/StripePaymentFormWrapper.md","/sdks/typescript/api/react/src/variables/StripePaymentFormWrapper","/sdks/typescript/api/react/src/variables/StripePaymentFormWrapper","migrate"
"sdk-typescript","/Users/tommy/projects/solvapay/solvapay-docs/docs-site/sdks/typescript/docs/api/react/src/variables/SubscriptionGate.md","/sdks/typescript/api/react/src/variables/SubscriptionGate","/sdks/typescript/api/react/src/variables/SubscriptionGate","migrate"
"sdk-typescript","/Users/tommy/projects/solvapay/solvapay-docs/docs-site/sdks/typescript/docs/api/react/src/variables/defaultAuthAdapter.md","/sdks/typescript/api/react/src/variables/defaultAuthAdapter","/sdks/typescript/api/react/src/variables/defaultAuthAdapter","migrate"
"sdk-typescript","/Users/tommy/projects/solvapay/solvapay-docs/docs-site/sdks/typescript/docs/api/react-supabase/src/README.md","/sdks/typescript/api/react-supabase/src/README","/sdks/typescript/api/react-supabase/src/README","migrate"
"sdk-typescript","/Users/tommy/projects/solvapay/solvapay-docs/docs-site/sdks/typescript/docs/api/react-supabase/src/functions/createSupabaseAuthAdapter.md","/sdks/typescript/api/react-supabase/src/functions/createSupabaseAuthAdapter","/sdks/typescript/api/react-supabase/src/functions/createSupabaseAuthAdapter","migrate"
"sdk-typescript","/Users/tommy/projects/solvapay/solvapay-docs/docs-site/sdks/typescript/docs/api/react-supabase/src/interfaces/SupabaseAuthAdapterConfig.md","/sdks/typescript/api/react-supabase/src/interfaces/SupabaseAuthAdapterConfig","/sdks/typescript/api/react-supabase/src/interfaces/SupabaseAuthAdapterConfig","migrate"
"sdk-typescript","/Users/tommy/projects/solvapay/solvapay-docs/docs-site/sdks/typescript/docs/api/server/src/README.md","/sdks/typescript/api/server/src/README","/sdks/typescript/api/server/src/README","migrate"
"sdk-typescript","/Users/tommy/projects/solvapay/solvapay-docs/docs-site/sdks/typescript/docs/api/server/src/classes/PaywallError.md","/sdks/typescript/api/server/src/classes/PaywallError","/sdks/typescript/api/server/src/classes/PaywallError","migrate"
"sdk-typescript","/Users/tommy/projects/solvapay/solvapay-docs/docs-site/sdks/typescript/docs/api/server/src/functions/cancelRenewalCore.md","/sdks/typescript/api/server/src/functions/cancelRenewalCore","/sdks/typescript/api/server/src/functions/cancelRenewalCore","migrate"
"sdk-typescript","/Users/tommy/projects/solvapay/solvapay-docs/docs-site/sdks/typescript/docs/api/server/src/functions/createCheckoutSessionCore.md","/sdks/typescript/api/server/src/functions/createCheckoutSessionCore","/sdks/typescript/api/server/src/functions/createCheckoutSessionCore","migrate"
"sdk-typescript","/Users/tommy/projects/solvapay/solvapay-docs/docs-site/sdks/typescript/docs/api/server/src/functions/createCustomerSessionCore.md","/sdks/typescript/api/server/src/functions/createCustomerSessionCore","/sdks/typescript/api/server/src/functions/createCustomerSessionCore","migrate"
"sdk-typescript","/Users/tommy/projects/solvapay/solvapay-docs/docs-site/sdks/typescript/docs/api/server/src/functions/createPaymentIntentCore.md","/sdks/typescript/api/server/src/functions/createPaymentIntentCore","/sdks/typescript/api/server/src/functions/createPaymentIntentCore","migrate"
"sdk-typescript","/Users/tommy/projects/solvapay/solvapay-docs/docs-site/sdks/typescript/docs/api/server/src/functions/createSolvaPay.md","/sdks/typescript/api/server/src/functions/createSolvaPay","/sdks/typescript/api/server/src/functions/createSolvaPay","migrate"
"sdk-typescript","/Users/tommy/projects/solvapay/solvapay-docs/docs-site/sdks/typescript/docs/api/server/src/functions/createSolvaPayClient.md","/sdks/typescript/api/server/src/functions/createSolvaPayClient","/sdks/typescript/api/server/src/functions/createSolvaPayClient","migrate"
"sdk-typescript","/Users/tommy/projects/solvapay/solvapay-docs/docs-site/sdks/typescript/docs/api/server/src/functions/getAuthenticatedUserCore.md","/sdks/typescript/api/server/src/functions/getAuthenticatedUserCore","/sdks/typescript/api/server/src/functions/getAuthenticatedUserCore","migrate"
"sdk-typescript","/Users/tommy/projects/solvapay/solvapay-docs/docs-site/sdks/typescript/docs/api/server/src/functions/handleRouteError.md","/sdks/typescript/api/server/src/functions/handleRouteError","/sdks/typescript/api/server/src/functions/handleRouteError","migrate"
"sdk-typescript","/Users/tommy/projects/solvapay/solvapay-docs/docs-site/sdks/typescript/docs/api/server/src/functions/isErrorResult.md","/sdks/typescript/api/server/src/functions/isErrorResult","/sdks/typescript/api/server/src/functions/isErrorResult","migrate"
"sdk-typescript","/Users/tommy/projects/solvapay/solvapay-docs/docs-site/sdks/typescript/docs/api/server/src/functions/listPlansCore.md","/sdks/typescript/api/server/src/functions/listPlansCore","/sdks/typescript/api/server/src/functions/listPlansCore","migrate"
"sdk-typescript","/Users/tommy/projects/solvapay/solvapay-docs/docs-site/sdks/typescript/docs/api/server/src/functions/processPaymentCore.md","/sdks/typescript/api/server/src/functions/processPaymentCore","/sdks/typescript/api/server/src/functions/processPaymentCore","migrate"
"sdk-typescript","/Users/tommy/projects/solvapay/solvapay-docs/docs-site/sdks/typescript/docs/api/server/src/functions/syncCustomerCore.md","/sdks/typescript/api/server/src/functions/syncCustomerCore","/sdks/typescript/api/server/src/functions/syncCustomerCore","migrate"
"sdk-typescript","/Users/tommy/projects/solvapay/solvapay-docs/docs-site/sdks/typescript/docs/api/server/src/functions/verifyWebhook.md","/sdks/typescript/api/server/src/functions/verifyWebhook","/sdks/typescript/api/server/src/functions/verifyWebhook","migrate"
"sdk-typescript","/Users/tommy/projects/solvapay/solvapay-docs/docs-site/sdks/typescript/docs/api/server/src/functions/withRetry.md","/sdks/typescript/api/server/src/functions/withRetry","/sdks/typescript/api/server/src/functions/withRetry","migrate"
"sdk-typescript","/Users/tommy/projects/solvapay/solvapay-docs/docs-site/sdks/typescript/docs/api/server/src/interfaces/AuthenticatedUser.md","/sdks/typescript/api/server/src/interfaces/AuthenticatedUser","/sdks/typescript/api/server/src/interfaces/AuthenticatedUser","migrate"
"sdk-typescript","/Users/tommy/projects/solvapay/solvapay-docs/docs-site/sdks/typescript/docs/api/server/src/interfaces/CreateSolvaPayConfig.md","/sdks/typescript/api/server/src/interfaces/CreateSolvaPayConfig","/sdks/typescript/api/server/src/interfaces/CreateSolvaPayConfig","migrate"
"sdk-typescript","/Users/tommy/projects/solvapay/solvapay-docs/docs-site/sdks/typescript/docs/api/server/src/interfaces/ErrorResult.md","/sdks/typescript/api/server/src/interfaces/ErrorResult","/sdks/typescript/api/server/src/interfaces/ErrorResult","migrate"
"sdk-typescript","/Users/tommy/projects/solvapay/solvapay-docs/docs-site/sdks/typescript/docs/api/server/src/interfaces/HttpAdapterOptions.md","/sdks/typescript/api/server/src/interfaces/HttpAdapterOptions","/sdks/typescript/api/server/src/interfaces/HttpAdapterOptions","migrate"
"sdk-typescript","/Users/tommy/projects/solvapay/solvapay-docs/docs-site/sdks/typescript/docs/api/server/src/interfaces/McpAdapterOptions.md","/sdks/typescript/api/server/src/interfaces/McpAdapterOptions","/sdks/typescript/api/server/src/interfaces/McpAdapterOptions","migrate"
"sdk-typescript","/Users/tommy/projects/solvapay/solvapay-docs/docs-site/sdks/typescript/docs/api/server/src/interfaces/NextAdapterOptions.md","/sdks/typescript/api/server/src/interfaces/NextAdapterOptions","/sdks/typescript/api/server/src/interfaces/NextAdapterOptions","migrate"
"sdk-typescript","/Users/tommy/projects/solvapay/solvapay-docs/docs-site/sdks/typescript/docs/api/server/src/interfaces/PayableFunction.md","/sdks/typescript/api/server/src/interfaces/PayableFunction","/sdks/typescript/api/server/src/interfaces/PayableFunction","migrate"
"sdk-typescript","/Users/tommy/projects/solvapay/solvapay-docs/docs-site/sdks/typescript/docs/api/server/src/interfaces/PayableOptions.md","/sdks/typescript/api/server/src/interfaces/PayableOptions","/sdks/typescript/api/server/src/interfaces/PayableOptions","migrate"
"sdk-typescript","/Users/tommy/projects/solvapay/solvapay-docs/docs-site/sdks/typescript/docs/api/server/src/interfaces/PaywallArgs.md","/sdks/typescript/api/server/src/interfaces/PaywallArgs","/sdks/typescript/api/server/src/interfaces/PaywallArgs","migrate"
"sdk-typescript","/Users/tommy/projects/solvapay/solvapay-docs/docs-site/sdks/typescript/docs/api/server/src/interfaces/PaywallMetadata.md","/sdks/typescript/api/server/src/interfaces/PaywallMetadata","/sdks/typescript/api/server/src/interfaces/PaywallMetadata","migrate"
"sdk-typescript","/Users/tommy/projects/solvapay/solvapay-docs/docs-site/sdks/typescript/docs/api/server/src/interfaces/PaywallStructuredContent.md","/sdks/typescript/api/server/src/interfaces/PaywallStructuredContent","/sdks/typescript/api/server/src/interfaces/PaywallStructuredContent","migrate"
"sdk-typescript","/Users/tommy/projects/solvapay/solvapay-docs/docs-site/sdks/typescript/docs/api/server/src/interfaces/PaywallToolResult.md","/sdks/typescript/api/server/src/interfaces/PaywallToolResult","/sdks/typescript/api/server/src/interfaces/PaywallToolResult","migrate"
"sdk-typescript","/Users/tommy/projects/solvapay/solvapay-docs/docs-site/sdks/typescript/docs/api/server/src/interfaces/ProcessPaymentResult.md","/sdks/typescript/api/server/src/interfaces/ProcessPaymentResult","/sdks/typescript/api/server/src/interfaces/ProcessPaymentResult","migrate"
"sdk-typescript","/Users/tommy/projects/solvapay/solvapay-docs/docs-site/sdks/typescript/docs/api/server/src/interfaces/PurchaseInfo.md","/sdks/typescript/api/server/src/interfaces/PurchaseInfo","/sdks/typescript/api/server/src/interfaces/PurchaseInfo","migrate"
"sdk-typescript","/Users/tommy/projects/solvapay/solvapay-docs/docs-site/sdks/typescript/docs/api/server/src/interfaces/RetryOptions.md","/sdks/typescript/api/server/src/interfaces/RetryOptions","/sdks/typescript/api/server/src/interfaces/RetryOptions","migrate"
"sdk-typescript","/Users/tommy/projects/solvapay/solvapay-docs/docs-site/sdks/typescript/docs/api/server/src/interfaces/SolvaPay.md","/sdks/typescript/api/server/src/interfaces/SolvaPay","/sdks/typescript/api/server/src/interfaces/SolvaPay","migrate"
"sdk-typescript","/Users/tommy/projects/solvapay/solvapay-docs/docs-site/sdks/typescript/docs/api/server/src/interfaces/SolvaPayClient.md","/sdks/typescript/api/server/src/interfaces/SolvaPayClient","/sdks/typescript/api/server/src/interfaces/SolvaPayClient","migrate"
"sdk-typescript","/Users/tommy/projects/solvapay/solvapay-docs/docs-site/sdks/typescript/docs/api/server/src/type-aliases/CustomerResponseMapped.md","/sdks/typescript/api/server/src/type-aliases/CustomerResponseMapped","/sdks/typescript/api/server/src/type-aliases/CustomerResponseMapped","migrate"
"sdk-typescript","/Users/tommy/projects/solvapay/solvapay-docs/docs-site/sdks/typescript/docs/api/server/src/type-aliases/ServerClientOptions.md","/sdks/typescript/api/server/src/type-aliases/ServerClientOptions","/sdks/typescript/api/server/src/type-aliases/ServerClientOptions","migrate"
"sdk-typescript","/Users/tommy/projects/solvapay/solvapay-docs/docs-site/sdks/typescript/docs/examples/overview.md","/sdks/typescript/examples/overview","/sdks/typescript/examples/overview","migrate"
"sdk-typescript","/Users/tommy/projects/solvapay/solvapay-docs/docs-site/sdks/typescript/docs/getting-started/core-concepts.md","/sdks/typescript/getting-started/core-concepts","/sdks/typescript/getting-started/core-concepts","migrate"
"sdk-typescript","/Users/tommy/projects/solvapay/solvapay-docs/docs-site/sdks/typescript/docs/getting-started/installation.md","/sdks/typescript/getting-started/installation","/sdks/typescript/getting-started/installation","migrate"
"sdk-typescript","/Users/tommy/projects/solvapay/solvapay-docs/docs-site/sdks/typescript/docs/getting-started/introduction.md","/sdks/typescript/getting-started/introduction","/sdks/typescript/getting-started/introduction","migrate"
"sdk-typescript","/Users/tommy/projects/solvapay/solvapay-docs/docs-site/sdks/typescript/docs/getting-started/quick-start.md","/sdks/typescript/getting-started/quick-start","/sdks/typescript/getting-started/quick-start","migrate"
"sdk-typescript","/Users/tommy/projects/solvapay/solvapay-docs/docs-site/sdks/typescript/docs/guides/architecture.md","/sdks/typescript/guides/architecture","/sdks/typescript/guides/architecture","migrate"
"sdk-typescript","/Users/tommy/projects/solvapay/solvapay-docs/docs-site/sdks/typescript/docs/guides/custom-auth.md","/sdks/typescript/guides/custom-auth","/sdks/typescript/guides/custom-auth","migrate"
"sdk-typescript","/Users/tommy/projects/solvapay/solvapay-docs/docs-site/sdks/typescript/docs/guides/error-handling.md","/sdks/typescript/guides/error-handling","/sdks/typescript/guides/error-handling","migrate"
"sdk-typescript","/Users/tommy/projects/solvapay/solvapay-docs/docs-site/sdks/typescript/docs/guides/express.md","/sdks/typescript/guides/express","/sdks/typescript/guides/express","migrate"
"sdk-typescript","/Users/tommy/projects/solvapay/solvapay-docs/docs-site/sdks/typescript/docs/guides/mcp.md","/sdks/typescript/guides/mcp","/sdks/typescript/guides/mcp","migrate"
"sdk-typescript","/Users/tommy/projects/solvapay/solvapay-docs/docs-site/sdks/typescript/docs/guides/nextjs.md","/sdks/typescript/guides/nextjs","/sdks/typescript/guides/nextjs","migrate"
"sdk-typescript","/Users/tommy/projects/solvapay/solvapay-docs/docs-site/sdks/typescript/docs/guides/performance.md","/sdks/typescript/guides/performance","/sdks/typescript/guides/performance","migrate"
"sdk-typescript","/Users/tommy/projects/solvapay/solvapay-docs/docs-site/sdks/typescript/docs/guides/react.md","/sdks/typescript/guides/react","/sdks/typescript/guides/react","migrate"
"sdk-typescript","/Users/tommy/projects/solvapay/solvapay-docs/docs-site/sdks/typescript/docs/guides/testing.md","/sdks/typescript/guides/testing","/sdks/typescript/guides/testing","migrate"
"sdk-typescript","/Users/tommy/projects/solvapay/solvapay-docs/docs-site/sdks/typescript/docs/guides/webhooks.md","/sdks/typescript/guides/webhooks","/sdks/typescript/guides/webhooks","migrate"
"sdk-typescript","/Users/tommy/projects/solvapay/solvapay-docs/docs-site/sdks/typescript/docs/intro.md","/sdks/typescript/intro","/sdks/typescript/intro","migrate"
"sdk-typescript","/Users/tommy/projects/solvapay/solvapay-docs/docs-site/sdks/typescript/docs/publishing.md","/sdks/typescript/publishing","/sdks/typescript/publishing","migrate"
